2017032000000131521,00:09:15,Click,Ischia,Pineta
2017032000000131521,00:23:06,Click,Ischia,Europa
2017032000000131521,00:21:31,Click,Ischia,Bristol
2017032000000131521,00:05:16,Click,Ischia,La Capannina
2017032000000131521,00:18:33,Click,Ischia,Rivamare
2017032000000131705,01:39:32,Click,Alvor,Pestana Alvor Praia
2017032000000131705,01:33:18,Click,Lagos,Yellow Lagos Meia Praia
2017032000000131705,01:36:35,Click,Lagos,Vila Galé Lagos
2017032000000131705,01:34:40,Click,Alvor,Pestana Alvor Praia
2017032000000131705,00:21:16,Click,Carvoeiro,agua Hotels Vale da Lapa
2017032000000131705,00:43:46,Click,Carvoeiro,agua Hotels Vale da Lapa
2017032000000132713,00:05:33,Homepage,,
2017032000000132713,00:05:19,Homepage,,
2017032000000132713,00:05:46,Homepage,,
2017032000000132713,00:05:27,Homepage,,
2017032000000132777,00:31:27,Click,Amsterdam,Grand Hotel Amrâth Amsterdam
2017032000000132777,00:30:49,Click,Amsterdam,Grand Hotel Amrâth Amsterdam
2017032000000132777,00:06:46,Click,Amsterdam,Room Mate Aitana
2017032000000134729,00:06:45,Search,Antalya (Province),
2017032000000134729,00:05:31,Homepage,,
2017032000000134729,00:08:53,Click,Antalya (Province),Side Star Park
2017032000000134729,00:06:53,Search,Antalya (Province),
2017032000000134729,00:05:24,Homepage,,
2017032000000134729,00:06:55,Search,Antalya (Province),
2017032000000134729,00:07:13,Click,Antalya (Province),Tuvana
2017032000000134729,00:06:38,Search,Antalya (Province),
2017032000000135097,00:09:31,Click,Terracina,Villa Ida
2017032000000135097,00:07:41,Click,Terracina,Vicolo Vecchio
2017032000000135097,00:06:58,Click,Terracina,Riva Gaia
2017032000000135097,00:10:32,Click,Terracina,Le Scalette
2017032000000135097,00:11:27,Click,Terracina,Albatros
2017032000000135729,00:10:34,Click,Vienna,Grand Hotel Wien
2017032000000135729,00:06:19,Click,Vienna,Arcotel Wimberger Wien
2017032000000135729,00:06:16,Click,Vienna,Arcotel Wimberger Wien
2017032000000135729,00:08:10,Click,Vienna,Grand Hotel Wien
2017032000000136041,00:05:48,Homepage,,
2017032000000136041,00:05:27,Homepage,,
2017032000000136041,00:05:45,Homepage,,
2017032000000136041,00:05:35,Homepage,,
2017032000000136201,00:07:49,Click,Sant Carles de la Ràpita,Las Carolinas
2017032000000136201,00:08:15,Click,Sant Carles de la Ràpita,Las Carolinas
2017032000000136201,00:08:28,Click,Sant Carles de la Ràpita,La Rápita
2017032000000136201,00:09:55,Click,Sant Carles de la Ràpita,La Rápita
2017032000000136201,00:08:11,Click,Sant Carles de la Ràpita,Las Carolinas
2017032000000136201,00:06:42,Click,Sant Carles de la Ràpita,Ciutat d'Amposta
2017032000000137361,00:05:37,Click,Mojácar,Best Oasis Tropical
2017032000000137361,00:05:30,Click,Mojácar,Best Oasis Tropical
2017032000000137361,00:07:23,Click,Mojácar,Best Oasis Tropical
2017032000000137361,00:07:05,Click,Mojácar,Best Oasis Tropical
2017032000000137361,00:06:52,Click,Mojácar,Best Oasis Tropical
2017032000000137361,00:08:00,Click,Mojácar,Best Oasis Tropical
2017032000000137361,00:06:58,Click,Mojácar,Best Oasis Tropical
2017032000000137601,00:05:36,Homepage,,
2017032000000137601,00:05:31,Homepage,,
2017032000000137601,00:05:58,Search,Valladolid Province,
2017032000000137601,00:07:00,Click,Valladolid,Astorga
2017032000000137913,00:18:02,Click,Philadelphia,Hilton Garden Inn Philadelphia Center City
2017032000000137913,00:13:41,Click,,Hilton Garden Inn Philadelphia Center City
2017032000000137913,00:07:23,Click,Philadelphia,Hilton Garden Inn Philadelphia Center City
2017032000000137913,00:19:11,Click,Philadelphia,Hilton Garden Inn Philadelphia Center City
2017032000000139097,00:16:32,Click,New York City,Seton
2017032000000139097,00:10:40,Click,New York City,Ramada Inn Eastside
2017032000000139097,00:14:54,Click,New York City,Shoreham
2017032000000139097,00:08:26,Click,New York City,Nyma
2017032000000140041,00:07:52,Click,Vienna,Arcotel Wimberger Wien
2017032000000140041,00:09:32,Click,Vienna,Cordial Theaterhotel Vienna
2017032000000140041,00:09:12,Click,Vienna,Cordial Theaterhotel Vienna
2017032000000140041,00:07:19,Click,Vienna,Arcotel Wimberger Wien
2017032000000140041,00:06:40,Click,Vienna,Arcotel Wimberger Wien
2017032000000140041,00:07:24,Click,Vienna,Arcotel Wimberger Wien
2017032000000140041,00:11:39,Click,Vienna,Prinz Eugen
2017032000000140041,00:07:27,Click,Vienna,Arcotel Wimberger Wien
2017032000000140041,00:10:25,Click,Vienna,Prinz Eugen
2017032000000140145,00:09:10,Homepage,,
2017032000000140145,00:09:09,Homepage,,
2017032000000140145,00:07:39,Click,Haydock,Holiday Inn Haydock M6 Junction 23
2017032000000140145,00:05:40,Homepage,,
2017032000000140145,00:11:56,Click,Haydock,Holiday Inn Haydock M6 Junction 23
2017032000000140145,00:05:38,Homepage,,
2017032000000140681,00:09:48,Homepage,,
2017032000000140681,00:11:27,Homepage,,
2017032000000140681,00:08:33,Homepage,,
2017032000000140681,00:05:40,Homepage,,
2017032000000140897,00:05:42,Homepage,,
2017032000000140897,00:17:39,Click,Birmingham,Hyatt Regency Birmingham
2017032000000140897,00:07:09,Click,Birmingham,Ramada Birmingham City Centre
2017032000000140897,00:07:54,Click,Birmingham,Hilton Garden Inn Birmingham Brindleyplace
2017032000000140897,00:05:40,Homepage,,
2017032000000140897,00:17:05,Click,Birmingham,Crowne Plaza Birmingham City Centre
2017032000000140897,00:11:41,Click,Birmingham,Hyatt Regency Birmingham
2017032000000140897,00:15:31,Click,Birmingham,du Vin Birmingham
2017032000000140897,00:10:21,Click,Birmingham,Crowne Plaza Birmingham City Centre
2017032000000140897,00:16:31,Click,Birmingham,Indigo
2017032000000141041,00:22:07,Search,United Kingdom,
2017032000000141041,00:20:11,Search,United Kingdom,
2017032000000141041,00:22:32,Click,United Kingdom,Future Inn Cardiff Bay
2017032000000141041,00:20:13,Search,United Kingdom,
2017032000000141041,00:06:38,Click,London,Travelodge London Central City Road
2017032000000141041,00:20:35,Click,United Kingdom,Copthorne Slough Windsor
2017032000000141105,00:05:44,Search,Spain,
2017032000000141105,00:13:57,Search,Spain,
2017032000000141105,00:14:00,Search,Spain,
2017032000000141105,00:05:41,Search,Spain,
2017032000000141393,00:05:50,Click,London,The Windmill
2017032000000141393,00:45:51,Click,Camden,Corner House
2017032000000141393,00:09:26,Click,London,The Windmill
2017032000000141537,00:09:06,Click,Muscat,Grand Hyatt Muscat
2017032000000141537,00:07:03,Click,Muscat,Grand Hyatt Muscat
2017032000000141537,00:05:45,Homepage,,
2017032000000141537,00:05:42,Homepage,,
2017032000000141537,00:05:47,Homepage,,
2017032000000141801,00:05:46,Homepage,,
2017032000000141801,00:05:44,Homepage,,
2017032000000141801,00:05:43,Homepage,,
2017032000000141801,00:10:57,Click,Paris,Mercure Paris Centre Tour Eiffel
2017032000000141801,00:05:57,Click,Paris,Pullman Paris Tour Eiffel
2017032000000141801,00:08:33,Click,Paris,Astotel Malte Opéra
2017032000000141801,00:11:51,Click,Paris,MGallery Baltimore Paris
2017032000000143153,00:05:49,Homepage,,
2017032000000143153,00:13:56,Click,Puerto Banus,Park Plaza Suites
2017032000000143153,00:14:24,Click,Puerto Banus,Meliá La Quinta Golf & Spa Resort
2017032000000143153,00:14:03,Click,Puerto Banus,Sisu Boutique
2017032000000143153,00:05:46,Homepage,,
2017032000000143153,00:13:39,Click,Puerto Banus,Jardines Del Puerto
2017032000000143153,00:17:49,Click,Marbella,Colina del Paraiso
2017032000000143153,00:17:31,Click,Marbella,Puerto Azul
2017032000000143153,00:07:14,Click,Marbella,Playabella Spa Gran Hotel
2017032000000143153,00:14:17,Click,Puerto Banus,Jardines De La Reina Boutique
2017032000000143793,00:05:50,Homepage,,
2017032000000143793,00:05:48,Homepage,,
2017032000000143793,00:06:22,Click,Worsley,Marriott Worsley Park Hotel & Country Club
2017032000000144065,00:26:01,Homepage,,
2017032000000144065,00:26:04,Homepage,,
2017032000000144065,00:35:11,Click,Paris,
2017032000000144193,00:05:49,Homepage,,
2017032000000144193,00:06:21,Click,Bodrum,Mandarin Oriental Bodrum
2017032000000144193,00:09:02,Click,Bodrum,Seray Class
2017032000000144545,00:10:12,Search,Valladolid Province,
2017032000000144545,00:06:56,Click,Valladolid Province,NH Valladolid Balago
2017032000000144545,00:06:02,Click,Valladolid Province,NH Valladolid Balago
2017032000000144545,00:09:51,Search,Valladolid Province,
2017032000000144545,00:05:50,Click,Valladolid Province,NH Valladolid Balago
2017032000000144545,00:10:09,Search,Valladolid Province,
2017032000000144545,00:06:22,Click,Valladolid Province,NH Valladolid Balago
2017032000000144545,00:09:57,Search,Valladolid Province,
2017032000000144617,00:09:43,Click,San Antonio,Apartamentos Zodiac
2017032000000144617,00:11:41,Click,San Antonio,Orosol
2017032000000144617,00:08:25,Click,San Antonio,San Francisco
2017032000000144617,00:22:34,Click,San Antonio,Puet Apartments
2017032000000144617,00:05:54,Homepage,,
2017032000000144617,00:05:50,Homepage,,
2017032000000144617,00:08:04,Click,San Antonio,azuLine Apartaments Sunshine
2017032000000145617,00:09:39,Click,Portimâo,Varandas da Rocha
2017032000000145617,00:05:52,Homepage,,
2017032000000145617,00:05:58,Homepage,,
2017032000000145617,00:07:26,Click,Portimâo,Tivoli Marina Portimão
2017032000000146489,00:05:54,Search,Scotland,
2017032000000146489,00:05:59,Search,Scotland,
2017032000000146489,00:07:46,Click,Scotland,Mercure Peebles Barony Castle
2017032000000146801,00:43:27,Search,Sardinia,
2017032000000146801,00:09:42,Search,Sardinia,
2017032000000146801,00:43:30,Search,Sardinia,
2017032000000146801,00:05:55,Search,Sardinia,
2017032000000146801,00:09:52,Search,Sardinia,
2017032000000146801,00:12:19,Click,Sardinia,Colonna du Golf
2017032000000146801,00:05:58,Search,Sardinia,
2017032000000146801,00:15:12,Click,Sardinia,Holiday Inn Cagliari
2017032000000146801,00:09:49,Search,Sardinia,
2017032000000146969,00:05:59,Search,Pilion,
2017032000000146969,00:07:01,Click,Pilion,Arhontiko Ioannidi
2017032000000146969,00:05:56,Search,Pilion,
2017032000000147025,00:07:25,Search,United Kingdom,
2017032000000147025,00:05:59,Search,United Kingdom,
2017032000000147025,00:07:36,Search,United Kingdom,
2017032000000147025,00:05:56,Search,United Kingdom,
2017032000000147025,00:06:09,Search,United Kingdom,
2017032000000147025,00:07:42,Search,United Kingdom,
2017032000000147025,00:07:39,Search,United Kingdom,
2017032000000147025,00:06:14,Search,United Kingdom,
2017032000000147057,00:19:45,Click,Antalya,The Marmara
2017032000000147057,00:22:38,Click,Antalya,WOW Topkapi Palace
2017032000000147057,00:09:15,Click,Antalya,Prime Boutique  - Boutique Class
2017032000000148289,00:05:59,Homepage,,
2017032000000148289,00:06:03,Homepage,,
2017032000000148289,00:12:44,Search,Gloucestershire,
2017032000000148905,00:12:24,Click,Kraków ,Stare Miasto
2017032000000148905,00:06:01,Search,Poland,
2017032000000148905,00:10:37,Click,Kraków ,Stare Miasto
2017032000000148905,00:06:04,Search,Poland,
2017032000000149241,00:07:05,Click,Munich,Bayerischer Hof
2017032000000149241,00:08:17,Click,Munich,Vier Jahreszeiten Kempinski München
2017032000000149241,00:06:03,Homepage,,
2017032000000149241,00:06:04,Homepage,,
2017032000000149241,00:06:01,Homepage,,
2017032000000149241,00:07:46,Click,Munich,Sofitel München Bayerpost
2017032000000149513,00:06:02,Search,Sicily,
2017032000000149513,00:06:06,Search,Sicily,
2017032000000149513,00:06:18,Search,Sicily,
2017032000000149513,00:06:24,Search,Sicily,
2017032000000149513,00:06:31,Search,Sicily,
2017032000000149745,00:06:03,Homepage,,
2017032000000149745,00:06:06,Homepage,,
2017032000000149745,00:16:26,Homepage,,
2017032000000149745,00:16:24,Homepage,,
2017032000000150353,00:09:00,Click,Jerusalem,Holy Land
2017032000000150353,00:14:32,Click,Jerusalem,Holy Land
2017032000000150353,00:08:10,Click,Jerusalem,Leonardo Jerusalem
2017032000000150353,00:06:05,Click,Jerusalem,Commodore
2017032000000150457,00:07:02,Click,Matera,Matera
2017032000000150457,00:09:04,Click,Matera,Matera
2017032000000150457,00:06:31,Click,Matera,Matera
2017032000000150457,00:07:28,Click,Matera,Matera
2017032000000150953,00:06:25,Homepage,,
2017032000000150953,00:21:16,Search,Province Huelva,
2017032000000150953,00:06:17,Homepage,,
2017032000000150953,00:15:22,Search,Province Huelva,
2017032000000150953,00:22:23,Search,Province Huelva,
2017032000000150953,00:21:57,Search,Province Huelva,
2017032000000150953,00:20:09,Search,Province Huelva,
2017032000000150953,00:20:31,Click,Province Huelva,Dunas de Doñana
2017032000000150953,00:06:06,Homepage,,
2017032000000150953,00:19:51,Search,Province Huelva,
2017032000000150961,00:06:11,Homepage,,
2017032000000150961,00:07:52,Click,Zaporizhia,Intourist
2017032000000150961,00:06:06,Homepage,,
2017032000000151257,00:26:08,Click,Zermatt,Elite
2017032000000151257,00:26:40,Click,Zermatt,Alpenblick
2017032000000151257,00:26:24,Click,Zermatt,Elite
2017032000000151465,00:12:03,Click,Chania,Creta Elena
2017032000000151465,00:07:08,Click,Chania,Porto Antico
2017032000000151465,00:12:41,Click,Chania,Lemontree & Pergamont Villas
2017032000000151465,00:10:56,Click,Chania,Odos Oneiron Suites and Apartments
2017032000000151465,00:11:27,Click,Chania,Creta Elena
2017032000000152625,00:16:11,Click,Koh Mak,Koh Mak Villa
2017032000000152625,00:14:08,Click,Koh Mak,Koh Mak Villa
2017032000000152625,00:12:45,Click,Koh Mak,The Cinnamon Art Resort And Spa
2017032000000152625,00:11:29,Click,Koh Mak,The Cinnamon Art Resort And Spa
2017032000000152625,00:16:19,Click,Koh Mak,Koh Mak Villa
2017032000000152625,00:15:10,Click,Koh Mak,Koh Mak Villa
2017032000000152625,00:09:20,Click,Koh Mak,The Cinnamon Art Resort And Spa
2017032000000152625,00:11:38,Click,Koh Mak,The Cinnamon Art Resort And Spa
2017032000000152625,00:11:43,Click,Koh Mak,The Cinnamon Art Resort And Spa
2017032000000153217,00:11:20,Click,Marbella,Fuerte Marbella
2017032000000153217,00:08:46,Click,Marbella,Fuerte Miramar
2017032000000153217,00:06:12,Homepage,,
2017032000000153217,00:10:10,Click,Marbella,Fuerte Miramar
2017032000000153217,00:10:25,Click,Marbella,Fuerte Miramar
2017032000000153913,00:14:20,Click,Lamai Beach,Thai House Beach Resort
2017032000000153913,00:16:32,Click,Lamai Beach,Thai House Beach Resort
2017032000000153913,00:06:16,Homepage,,
2017032000000153913,00:06:14,Homepage,,
2017032000000153913,00:09:17,Click,Lamai Beach,Thai House Beach Resort
2017032000000153913,00:08:31,Click,Lamai Beach,Thai House Beach Resort
2017032000000154305,00:08:10,Homepage,,
2017032000000154305,00:08:07,Homepage,,
2017032000000154305,00:08:41,Homepage,,
2017032000000154617,00:20:01,Click,Barcelona,Boria Bcn
2017032000000154617,00:06:54,Click,Barcelona,H10 Montcada
2017032000000154617,00:10:45,Click,Barcelona,Azul
2017032000000154617,00:13:49,Click,Barcelona,Zenit Barcelona
2017032000000154729,00:07:28,Homepage,,
2017032000000154729,00:06:18,Homepage,,
2017032000000154729,00:08:26,Click,Budapest,Royal Park Boutique
2017032000000154729,00:09:34,Homepage,,
2017032000000154729,00:07:30,Homepage,,
2017032000000154729,00:06:16,Homepage,,
2017032000000154729,00:06:58,Click,New York City,The Roosevelt
2017032000000154785,00:06:21,Search,Germany,
2017032000000154785,00:06:55,Search,Germany,
2017032000000154785,00:07:16,Search,Baltic Sea,
2017032000000154785,00:06:58,Search,Germany,
2017032000000154785,00:06:16,Search,Germany,
2017032000000154785,00:06:47,Search,Germany,
2017032000000155625,00:06:27,Homepage,,
2017032000000155625,00:06:19,Homepage,,
2017032000000155625,00:06:26,Homepage,,
2017032000000155625,00:06:25,Homepage,,
2017032000000156121,00:07:52,Click,Barcelona,08028 Apartments
2017032000000156121,00:12:53,Click,Barcelona,Residencia Lausanne
2017032000000156121,00:09:03,Click,Barcelona,Catalonia Park Güell
2017032000000156121,00:11:37,Click,Barcelona,Gaudí
2017032000000156121,00:07:18,Click,Barcelona,The Mirror Barcelona
2017032000000156121,00:06:23,Search,Spain,
2017032000000156121,00:06:20,Search,Spain,
2017032000000156569,00:07:41,Click,Bangkok,Furama Silom - Bangkok
2017032000000156569,00:06:40,Click,Bangkok,Furama Silom - Bangkok
2017032000000156569,00:30:48,Click,Bangkok,Furama Silom - Bangkok
2017032000000156569,00:43:15,Click,Bangkok,Furama Silom - Bangkok
2017032000000156569,00:13:59,Click,Bangkok,Furama Silom - Bangkok
2017032000000156569,00:43:50,Click,Bangkok,Furama Silom - Bangkok
2017032000000156881,00:07:08,Search,Florida,
2017032000000156881,00:08:40,Click,Florida,Eb Miami
2017032000000156881,00:07:15,Search,Florida,
2017032000000156881,00:07:01,Search,Florida,
2017032000000156881,00:06:22,Search,Florida,
2017032000000156881,00:06:26,Search,Florida,
2017032000000156881,00:06:49,Search,Florida,
2017032000000156881,00:07:32,Search,Florida,
2017032000000158441,00:06:27,Homepage,,
2017032000000158441,00:06:32,Homepage,,
2017032000000158441,00:06:32,Homepage,,
2017032000000158865,00:06:55,Search,Sogn og Fjordane,
2017032000000158865,00:06:57,Search,Sogn og Fjordane,
2017032000000158865,00:07:10,Search,Sogn og Fjordane,
2017032000000158865,00:06:41,Search,Sogn og Fjordane,
2017032000000158865,00:06:29,Homepage,,
2017032000000158865,00:06:28,Homepage,,
2017032000000158993,00:06:31,Homepage,,
2017032000000158993,00:08:03,Click,London,Corus Hotel Hyde Park
2017032000000158993,00:06:28,Homepage,,
2017032000000159177,00:13:57,Click,Tenerife,Santa Barbara Golf and Ocean Club
2017032000000159177,00:10:50,Click,Tenerife,Santa Barbara Golf and Ocean Club
2017032000000159177,00:16:41,Click,Tenerife,Santa Barbara Golf and Ocean Club
2017032000000159177,00:16:33,Click,Tenerife,Santa Barbara Golf and Ocean Club
2017032000000159177,00:15:11,Click,Tenerife,Santa Barbara Golf and Ocean Club
2017032000000159177,00:06:34,Search,Tenerife,
2017032000000159177,00:16:23,Click,Tenerife,Santa Barbara Golf and Ocean Club
2017032000000159177,00:12:27,Click,Tenerife,Santa Barbara Golf and Ocean Club
2017032000000159177,00:16:12,Click,Tenerife,Santa Barbara Golf and Ocean Club
2017032000000159177,00:06:29,Search,Tenerife,
2017032000000159457,00:07:59,Click,York,Bootham Guest House
2017032000000159457,00:14:53,Click,York,Old Grey Mare
2017032000000159457,00:10:57,Click,York,Bootham Guest House
2017032000000159457,00:06:30,Homepage,,
2017032000000159457,00:15:41,Click,York,Bootham Guest House
2017032000000159457,00:06:32,Homepage,,
2017032000000159457,00:11:13,Click,York,Bootham Guest House
2017032000000160153,00:29:50,Click,Caleta de Fuste,Barceló Fuerteventura Thalasso Spa
2017032000000160153,00:12:24,Click,Antigua,Elba Carlota Beach & Convention Resort
2017032000000160153,00:07:32,Click,Antigua,Elba Sara Beach & Golf resort
2017032000000160153,00:12:04,Click,Antigua,Elba Carlota Beach & Convention Resort
2017032000000160153,00:09:36,Click,Antigua,Barceló Fuerteventura Thalasso Spa
2017032000000160569,00:08:55,Click,Biarritz,de l'Océan
2017032000000160569,00:10:54,Search,Spain,
2017032000000160569,00:07:03,Click,Spain,Europa
2017032000000160569,00:06:37,Search,Spain,
2017032000000160569,00:06:33,Search,Spain,
2017032000000161105,00:06:39,Homepage,,
2017032000000161105,00:09:08,Click,Berlin,Generator Hostel Berlin
2017032000000161105,00:06:35,Homepage,,
2017032000000161105,00:07:31,Click,Berlin,Generator Hostel Berlin
2017032000000161353,00:06:46,Homepage,,
2017032000000161353,00:08:28,Click,Lancaster,Thurnham Hall
2017032000000161353,00:06:35,Homepage,,
2017032000000161793,00:08:15,Click,Grado,Grand Hotel Astoria
2017032000000161793,00:07:24,Click,Grado,Grand Hotel Astoria
2017032000000161793,00:06:56,Click,Grado,Ville Bianchi
2017032000000161793,00:07:20,Click,Grado,Grand Hotel Astoria
2017032000000161793,00:08:09,Click,Grado,Grand Hotel Astoria
2017032000000161793,00:07:02,Click,Grado,Grand Hotel Astoria
2017032000000161793,00:07:28,Click,Grado,Grand Hotel Astoria
2017032000000161929,00:07:46,Click,Dublin,Best Western Plus Academy Plaza
2017032000000161929,00:07:54,Click,Dublin,Best Western Plus Academy Plaza
2017032000000161929,00:07:50,Click,Dublin,Best Western Plus Academy Plaza
2017032000000161929,00:07:15,Click,Dublin,Best Western Plus Academy Plaza
2017032000000161929,00:08:02,Click,Dublin,Beresford Hotel IFSC
2017032000000163129,00:07:43,Click,Montignoso,Alle Tre Rose
2017032000000163129,00:08:24,Click,Montignoso,Alberta
2017032000000163129,00:09:25,Click,Montignoso,Park Cinquale
2017032000000164521,00:17:32,Click,Madrid,Sterling
2017032000000164521,00:06:44,Homepage,,
2017032000000164521,00:06:47,Homepage,,
2017032000000164521,00:15:52,Click,Madrid,Principe Pío 
2017032000000165249,00:06:46,Homepage,,
2017032000000165249,00:13:13,Click,Chojnice,Na Skarpie
2017032000000165249,00:14:17,Click,Chojnice,Odejewscy
2017032000000165249,00:07:08,Click,Chojnice,Przy Zamku
2017032000000165249,00:18:01,Click,Gdańsk,Villa Rena
2017032000000165249,00:12:49,Click,Chojnice,Bellevue
2017032000000165249,00:18:53,Click,Gdańsk,Villa Maria
2017032000000165249,00:13:34,Click,Chojnice,Paradise
2017032000000165249,00:16:59,Click,Gdańsk,Villa Rena
2017032000000165249,00:16:25,Click,Gdańsk,Przy Lotnisku
2017032000000166609,00:12:50,Click,Liverpool,Adagio Liverpool City Centre
2017032000000166609,00:07:14,Click,Liverpool,Epic Serviced
2017032000000166609,00:16:24,Click,Liverpool,Novotel Liverpool Centre
2017032000000166609,00:09:48,Click,Liverpool,The Print Works
2017032000000166609,00:11:09,Click,Liverpool,Hilton Liverpool
2017032000000166737,00:39:47,Click,Florence,Giglio
2017032000000166737,00:06:49,Homepage,,
2017032000000166737,00:20:27,Homepage,,
2017032000000166737,00:41:15,Homepage,,
2017032000000166737,00:06:53,Homepage,,
2017032000000166737,00:14:32,Click,Florence,San Marco
2017032000000166737,00:20:30,Homepage,,
2017032000000166737,00:41:18,Homepage,,
2017032000000167161,00:09:17,Search,Île-de-France,
2017032000000167161,00:15:02,Click,Paris,Hipotel Paris Belleville
2017032000000167161,00:15:26,Click,Paris,Hipotel Paris Belleville
2017032000000167161,00:12:10,Click,Paris,Hipotel Paris Belleville
2017032000000167161,00:09:19,Search,Île-de-France,
2017032000000168289,00:06:53,Homepage,,
2017032000000168289,00:07:50,Click,Taunton,Premier Inn Taunton Central North
2017032000000168289,00:06:56,Homepage,,
2017032000000168289,00:08:47,Click,Taunton,Express By Holiday Inn  Taunton M5 Jct25
2017032000000168289,00:09:56,Click,Tiverton,Best Western Tiverton
2017032000000168393,00:07:57,Search,Spain,
2017032000000168393,00:07:15,Search,Spain,
2017032000000168393,00:06:54,Search,Spain,
2017032000000168393,00:08:11,Search,Spain,
2017032000000168561,00:10:40,Click,Dublin,Castle Hotel
2017032000000168561,00:07:01,Homepage,,
2017032000000168561,00:27:06,Click,Dublin,The Gresham
2017032000000168561,00:06:54,Homepage,,
2017032000000168561,00:29:49,Click,Dublin,Adelphi
2017032000000168561,00:12:56,Click,Dublin,Lynam's
2017032000000168561,00:27:50,Click,Dublin,Lynam's
2017032000000169193,00:20:56,Click,Cesme,Sisus
2017032000000169193,00:08:51,Click,Cesme,My Stone Home
2017032000000169193,00:20:52,Click,Cesme,Sisus
2017032000000169193,00:13:35,Click,Cesme,Nars Alacati
2017032000000169193,00:22:02,Click,Cesme,Babaylon
2017032000000169193,00:23:43,Click,Cesme,Fener Butik
2017032000000169193,00:17:59,Click,Cesme,Sisus
2017032000000169193,00:06:56,Click,Cesme,Fener Butik
2017032000000169249,00:08:18,Homepage,,
2017032000000169249,00:14:45,Homepage,,
2017032000000169249,00:13:02,Click,Dublin,The Gresham
2017032000000169249,00:07:15,Click,Dublin,The Morgan
2017032000000169249,00:14:40,Homepage,,
2017032000000169249,00:16:05,Homepage,,
2017032000000169249,00:16:03,Homepage,,
2017032000000169593,00:09:49,Click,Blackpool,Jesmond International
2017032000000169593,00:07:57,Click,Blackpool,Jesmond International
2017032000000169593,00:10:10,Click,Blackpool,Jesmond International
2017032000000170441,00:13:19,Homepage,,
2017032000000170441,00:14:11,Click,Brighton,Hilton Brighton Metropole
2017032000000170441,00:07:40,Click,Brighton,Hilton Brighton Metropole
2017032000000170441,00:13:30,Homepage,,
2017032000000170441,00:13:32,Homepage,,
2017032000000170441,00:08:42,Homepage,,
2017032000000170441,00:14:48,Click,Brighton,Hilton Brighton Metropole
2017032000000170721,00:15:59,Click,Venice,Carlton on the Grand Canal
2017032000000170721,00:09:00,Click,Venice,Residenza Ca' Malipiero
2017032000000170721,00:14:35,Click,Venice,Venice
2017032000000170721,00:17:49,Click,Paris,Mondial
2017032000000170721,00:12:44,Click,Venice,Invenice Guest House
2017032000000170953,00:08:21,Click,San Giuliano Terme,Maison De Dora
2017032000000170953,00:09:59,Click,San Giuliano Terme,Casale Le Rose
2017032000000170953,00:07:00,Homepage,,
2017032000000170953,00:12:23,Click,San Giuliano Terme,Maison De Dora
2017032000000170953,00:10:49,Click,San Giuliano Terme,Antica Dimora
2017032000000170953,00:16:05,Click,Marina di Pisa,Villa Giulia
2017032000000170953,00:07:03,Homepage,,
2017032000000171649,00:17:18,Click,Mexico City,
2017032000000171649,00:08:07,Click,New York City,The Peninsula New York
2017032000000171649,00:16:09,Click,Mexico City,
2017032000000171713,00:12:54,Click,Lisbon,Mercure Lisboa
2017032000000171713,00:10:43,Click,Lisbon,Hello Lisbon Castelo 
2017032000000171713,00:09:15,Click,Lisbon,Radisson Blu Lisboa
2017032000000171713,00:07:02,Homepage,,
2017032000000171713,00:13:17,Click,Lisbon,Tivoli Oriente
2017032000000171713,00:07:04,Homepage,,
2017032000000172601,00:07:04,Click,Heidelberg,Suytes Business Studios
2017032000000172601,00:09:08,Click,,Bergheim41 im Alten Hallenbad
2017032000000172601,00:10:20,Click,Heidelberg,NH Heidelberg
2017032000000172601,00:08:39,Click,,Bergheim41 im Alten Hallenbad
2017032000000172657,00:07:04,Homepage,,
2017032000000172657,00:07:06,Homepage,,
2017032000000172657,00:07:06,Homepage,,
2017032000000173097,00:09:24,Click,Eastbourne,Eastbourne Centre
2017032000000173097,00:24:42,Click,Eastbourne,The Pier
2017032000000173097,00:12:42,Click,Eastbourne,Hilton Royal Parade
2017032000000173097,00:18:31,Click,Eastbourne,Iverna
2017032000000173097,00:15:33,Click,Eastbourne,Marine Parade
2017032000000173097,00:22:58,Click,Eastbourne,Da Vinci
2017032000000173097,00:15:35,Click,Eastbourne,Marine Parade
2017032000000173097,00:14:28,Click,Eastbourne,Savoy Court
2017032000000173129,00:07:06,Click,,De la Jatte
2017032000000173129,00:08:05,Click,Paris,Ibis Paris Defense Courbevoie
2017032000000173129,00:08:02,Click,Paris,Ibis Paris Defense Courbevoie
2017032000000173369,00:19:16,Click,Palma de Majorca,BQ Belvedere
2017032000000173369,01:07:01,Click,Palma de Majorca,BQ Belvedere
2017032000000173369,01:06:27,Click,Palma de Majorca,BQ Belvedere
2017032000000174065,00:09:16,Click,Normandie,Inter-Hotel Otelinn
2017032000000174065,00:07:11,Search,Normandie,
2017032000000174065,00:08:21,Click,Normandie,Logis La Rosière
2017032000000174065,00:07:08,Search,Normandie,
2017032000000174713,00:18:33,Click,Cayo Guillermo,Meliá Cayo Guillermo
2017032000000174713,00:12:01,Click,Cayo Guillermo,Meliá Cayo Guillermo
2017032000000174713,00:07:10,Click,Cayo Guillermo,Sol Cayo Guillermo
2017032000000174713,00:28:45,Click,Cayo Guillermo,Meliá Cayo Guillermo
2017032000000174713,00:12:53,Click,Cayo Guillermo,Meliá Cayo Guillermo
2017032000000174713,00:34:45,Click,Cayo Coco,Meliá Cayo Santa Maria
2017032000000174713,00:17:51,Click,Cayo Guillermo,Sol Cayo Guillermo
2017032000000175305,00:07:49,Click,Vallecrosia,
2017032000000175305,00:08:18,Click,Vallecrosia,
2017032000000175305,00:08:55,Click,Menton,Pierre & Vacances - Résidence Les Citronniers
2017032000000176785,00:07:16,Search,Dominican Republic,
2017032000000176785,00:09:05,Search,Dominican Republic,
2017032000000176785,00:08:38,Search,Dominican Republic,
2017032000000176785,00:08:30,Search,Dominican Republic,
2017032000000176785,00:09:08,Search,Dominican Republic,
2017032000000176785,00:08:12,Search,Dominican Republic,
2017032000000176785,00:08:00,Search,Dominican Republic,
2017032000000176785,00:07:21,Search,Dominican Republic,
2017032000000176785,00:08:57,Search,Dominican Republic,
2017032000000176785,00:08:55,Search,Dominican Republic,
2017032000000177417,00:07:18,Homepage,,
2017032000000177417,00:09:22,Click,San Vito Lo Capo,Le Biciclette
2017032000000177417,00:10:41,Click,San Vito Lo Capo,Baglio La Porta di San Gerardo
2017032000000177417,00:07:54,Click,San Vito Lo Capo,Cala Dell'Arena
2017032000000177417,00:12:32,Click,San Vito Lo Capo,Casa Claudia
2017032000000177465,00:40:53,Click,Madrid,Petit Palace Lealtad Plaza
2017032000000177465,00:41:59,Click,Madrid,Corbero
2017032000000177465,00:40:35,Click,Madrid,Far Home Hostel
2017032000000177465,00:41:35,Click,Madrid,Praktik Metropol
2017032000000177465,00:39:55,Click,Madrid,Far Home Hostel
2017032000000177833,00:07:27,Homepage,,
2017032000000177833,00:07:19,Homepage,,
2017032000000177833,00:17:26,Click,Cassis,Novotel Marseille Vieux Port
2017032000000177833,00:11:41,Click,Cassis,Novotel Marseille Vieux Port
2017032000000177857,00:11:34,Click,Nice,Villa Eden
2017032000000177857,00:18:11,Click,Villefranche sur Mer,Patricia
2017032000000177857,00:15:00,Click,Villefranche sur Mer,Le Provençal
2017032000000178609,00:19:36,Homepage,,
2017032000000178609,00:10:01,Click,Madrid,Best Western Los Condes
2017032000000178609,00:21:26,Click,Madrid,T3 Tirol
2017032000000178609,00:19:41,Homepage,,
2017032000000178609,00:11:42,Click,Madrid,Best Western Los Condes
2017032000000178609,00:14:39,Click,Madrid,Best Western Los Condes
2017032000000178609,00:11:05,Click,Madrid,Best Western Los Condes
2017032000000178817,00:07:22,Homepage,,
2017032000000178817,00:10:13,Click,Mahabaleshwar,Shreyas
2017032000000178817,00:10:17,Click,Mahabaleshwar,Shreyas
2017032000000178817,00:10:07,Click,Mahabaleshwar,Shreyas
2017032000000179593,00:08:12,Click,Tangermünde,Schwarzer Adler
2017032000000179593,00:08:33,Click,Tangermünde,Schwarzer Adler
2017032000000179593,00:08:39,Click,Tangermünde,Schwarzer Adler
2017032000000179593,00:08:52,Click,Tangermünde,Schwarzer Adler
2017032000000179593,00:08:28,Click,Tangermünde,Schwarzer Adler
2017032000000180793,00:07:34,Search,Germany,
2017032000000180793,00:08:04,Click,Germany,Hotel Excelsior Duesseldorf
2017032000000180793,00:07:28,Search,Germany,
2017032000000180873,00:07:31,Homepage,,
2017032000000180873,00:10:26,Click,London,Sunborn Yacht
2017032000000180873,00:07:28,Homepage,,
2017032000000180953,00:14:08,Click,Melito di Porto Salvo,Tito Serrano'
2017032000000180953,00:13:47,Click,Melito di Porto Salvo,Tito Serrano'
2017032000000180953,00:09:18,Click,Melito di Porto Salvo,Stella Marina
2017032000000182321,00:16:40,Click,Bray,Wilton
2017032000000182321,00:07:32,Homepage,,
2017032000000182321,00:33:31,Homepage,,
2017032000000182321,00:07:36,Homepage,,
2017032000000182321,00:08:53,Click,Bray,The Martello
2017032000000182321,00:20:24,Click,Bray,The Royal 
2017032000000182321,00:19:42,Click,Bray,The Royal 
2017032000000182321,00:34:05,Click,Bray,The Martello
2017032000000182321,00:33:34,Homepage,,
2017032000000182321,00:17:47,Click,Bray,Wilton
2017032000000183057,00:07:34,Homepage,,
2017032000000183057,00:11:35,Homepage,,
2017032000000183057,00:10:44,Click,Galway,Flannery's
2017032000000183057,00:11:24,Click,Galway,Flannery's
2017032000000183753,00:07:39,Homepage,,
2017032000000183753,00:09:46,Click,London,The Academy
2017032000000183753,00:07:36,Homepage,,
2017032000000184809,03:16:44,Homepage,,
2017032000000184809,01:20:45,Homepage,,
2017032000000184809,00:08:19,Homepage,,
2017032000000184809,00:08:18,Homepage,,
2017032000000184809,03:16:41,Homepage,,
2017032000000184809,04:39:21,Homepage,,
2017032000000184809,04:39:23,Homepage,,
2017032000000184809,01:20:43,Homepage,,
2017032000000184809,02:09:23,Homepage,,
2017032000000184809,02:09:26,Homepage,,
2017032000000185217,00:07:40,Homepage,,
2017032000000185217,00:08:40,Homepage,,
2017032000000185217,00:08:37,Homepage,,
2017032000000185321,00:27:19,Click,Berlin,Olivaer Apart
2017032000000185321,00:40:22,Click,Berlin,Columbus
2017032000000185321,00:35:31,Click,Berlin,
2017032000000185321,00:46:44,Click,Berlin,MS Berlin
2017032000000185321,00:15:01,Click,Berlin,Air in Berlin
2017032000000185321,00:29:40,Click,Berlin,Orion Berlin
2017032000000185321,00:37:17,Click,Berlin,Xantener Eck
2017032000000185321,00:53:51,Click,Berlin,Adrema
2017032000000185321,00:42:21,Click,Berlin,Dalg
2017032000000185321,00:28:46,Click,Berlin,Grunewald
2017032000000186001,00:11:13,Click,Varadero,Iberostar Laguna Azul
2017032000000186001,00:10:37,Click,Varadero,Iberostar Laguna Azul
2017032000000186001,00:11:55,Click,Varadero,Meliá Varadero
2017032000000186001,00:10:28,Click,Varadero,Iberostar Laguna Azul
2017032000000186001,00:09:26,Click,Varadero,Sol Palmeras
2017032000000186001,00:10:20,Click,Varadero,Iberostar Laguna Azul
2017032000000186001,00:10:00,Click,Varadero,Iberostar Laguna Azul
2017032000000186001,00:10:14,Click,Varadero,Iberostar Laguna Azul
2017032000000186001,00:12:30,Click,Varadero,Meliá Varadero
2017032000000186001,00:07:57,Click,Varadero,Sol Palmeras
2017032000000186713,00:12:57,Click,Budapest,Starlight Suites Merleg Budapest
2017032000000186713,00:07:44,Click,Budapest,Zara Boutique
2017032000000186713,00:11:39,Click,Budapest,Opera Garden
2017032000000189777,00:07:55,Homepage,,
2017032000000189777,00:08:30,Homepage,,
2017032000000189777,00:07:52,Homepage,,
2017032000000190185,00:15:23,Search,Cornwall,
2017032000000190185,00:15:24,Search,Cornwall,
2017032000000190185,00:07:53,Click,Cornwall,Camelot Castle
2017032000000190185,00:11:49,Click,Cornwall,Atlantic
2017032000000190185,00:15:18,Search,Cornwall,
2017032000000190185,00:14:20,Click,Cornwall,Greenbank
2017032000000190185,00:15:00,Search,Cornwall,
2017032000000190185,00:15:16,Search,Cornwall,
2017032000000190201,00:08:32,Click,Kraków ,Petrus
2017032000000190201,00:08:04,Homepage,,
2017032000000190201,00:08:03,Homepage,,
2017032000000190201,00:07:55,Homepage,,
2017032000000190201,00:07:53,Homepage,,
2017032000000191753,00:13:17,Click,Galway,The Connacht
2017032000000191753,00:20:20,Click,Galway,7 Cross Street Townhouse
2017032000000191753,00:21:10,Click,Galway,Corrib Village
2017032000000191769,00:10:49,Click,Hirtshals,Casa Boye
2017032000000191769,00:07:57,Homepage,,
2017032000000191769,00:08:00,Homepage,,
2017032000000191825,00:25:19,Click,Goiânia,7 Goiania
2017032000000191825,00:23:40,Click,Goiânia,Alvorada
2017032000000191825,00:26:47,Click,Goiânia,
2017032000000191825,00:19:48,Click,Goiânia,Aton Plaza
2017032000000191825,00:25:55,Click,Goiânia,Boulevard Place
2017032000000191825,00:22:23,Click,Goiânia,Euro Plaza
2017032000000193177,00:12:27,Click,Castel Gandolfo,Quality Excel Roma Ciampino
2017032000000193177,00:15:04,Click,Castel Gandolfo,Villa Altieri
2017032000000193177,00:18:32,Click,Castel Gandolfo,Villino Fiorella
2017032000000194441,00:12:13,Click,Santa Pau,Can Sala
2017032000000194441,00:16:36,Click,Santa Pau,La Soleia D'Oix
2017032000000194441,00:09:32,Click,Santa Pau,La Soleia D'Oix
2017032000000194553,00:11:00,Click,Las Vegas,Bellagio
2017032000000194553,00:12:10,Click,Las Vegas,Bellagio
2017032000000194553,00:08:51,Click,Las Vegas,The Venetian
2017032000000195073,00:08:40,Click,Valencia,Primus Valencia
2017032000000195073,00:09:36,Homepage,,
2017032000000195073,00:09:39,Homepage,,
2017032000000195073,00:11:20,Click,Calpe,Gran Hotel Sol y Mar
2017032000000195073,00:09:44,Homepage,,
2017032000000195073,00:09:45,Homepage,,
2017032000000195689,00:08:39,Search,Greater London,
2017032000000195689,00:08:12,Homepage,,
2017032000000195689,00:13:13,Click,Greater London,Ibis London Shepherds Bush
2017032000000195689,00:15:12,Click,Greater London,The Darlington Hyde Park
2017032000000195689,00:08:44,Search,Greater London,
2017032000000195689,00:08:30,Search,Greater London,
2017032000000195689,00:08:42,Search,Greater London,
2017032000000195689,00:08:07,Homepage,,
2017032000000195689,00:15:31,Click,Greater London,The Darlington Hyde Park
2017032000000195689,00:14:05,Click,Greater London,Ibis London Shepherds Bush
2017032000000196345,00:13:06,Click, Polonezköy,Santa Rosa
2017032000000196345,00:11:23,Click, Polonezköy,Devman
2017032000000196345,00:12:12,Click, Polonezköy,Devman
2017032000000196345,00:12:25,Click, Polonezköy,A Plus Konaklama
2017032000000196345,00:12:20,Click, Polonezköy,Devman
2017032000000196345,00:13:36,Click, Polonezköy,Santa Rosa
2017032000000196345,00:09:21,Click, Polonezköy,Devman
2017032000000196345,00:11:31,Click, Polonezköy,Devman
2017032000000196713,00:14:17,Click,Ballinasloe,Moynure House B&B
2017032000000196713,00:14:55,Click,Ballinasloe,Gullane's & Conference Centre
2017032000000196713,00:13:34,Click,Ballinasloe,Moynure House B&B
2017032000000196713,00:16:02,Click,Ballinasloe,Riverview House
2017032000000196713,00:14:44,Click,Ballinasloe,Moynure House B&B
2017032000000196713,00:13:24,Click,Ballinasloe,Shines Guesthouse
2017032000000196713,00:15:24,Click,Ballinasloe,Riverview House
2017032000000196713,00:12:41,Click,Ballinasloe,Shines Guesthouse
2017032000000196713,00:13:30,Click,Ballinasloe,Shines Guesthouse
2017032000000197161,00:10:33,Click,Edinburgh,Holiday Inn Express Edinburgh - Royal Mile
2017032000000197161,00:10:53,Click,Edinburgh,Holiday Inn Express Edinburgh - Royal Mile
2017032000000197161,00:10:39,Click,Edinburgh,Holiday Inn Express Edinburgh - Royal Mile
2017032000000197161,00:10:09,Click,Edinburgh,Holiday Inn Express Edinburgh - Royal Mile
2017032000000197161,00:12:02,Click,Edinburgh,19 Meadow Place
2017032000000197161,00:11:33,Click,Edinburgh,19 Meadow Place
2017032000000197161,00:10:21,Click,Edinburgh,Holiday Inn Express Edinburgh - Royal Mile
2017032000000197161,00:11:00,Click,Edinburgh,Holiday Inn Express Edinburgh - Royal Mile
2017032000000197161,00:10:46,Click,Edinburgh,Holiday Inn Express Edinburgh - Royal Mile
2017032000000197385,00:10:53,Click,Alvor,Pestana Alvor Praia
2017032000000197385,00:10:16,Click,Alvor,Pestana Alvor Praia
2017032000000197385,00:12:38,Click,Alvor,Albur Village
2017032000000197385,00:11:28,Click,Alvor,Pestana Alvor Praia
2017032000000197385,00:08:17,Homepage,,
2017032000000197385,00:11:44,Click,Alvor,Pestana Alvor Praia
2017032000000197385,00:08:12,Homepage,,
2017032000000197385,00:15:22,Click,Alvor,Albur Village
2017032000000197385,00:11:10,Click,Alvor,Pestana Alvor Praia
2017032000000197689,00:16:08,Click,Brighton,Mercure Brighton Seafront
2017032000000197689,00:11:55,Click,Bognor Regis,Premier Inn Bognor Regis
2017032000000197689,00:14:58,Click,Brighton,Holiday Inn Brighton Seafront
2017032000000197689,00:11:18,Click,Bognor Regis,Comfort Inn Arundel
2017032000000198505,00:31:43,Click,Birgel,Gästehaus Ballmann
2017032000000198505,00:21:36,Click,Remagen,Rhein Inn
2017032000000198505,00:33:56,Click,Birgel,Historische Wassermühle
2017032000000198505,00:10:25,Click,Remagen,Rhein Inn
2017032000000198545,00:10:28,Click,Athens,Alma
2017032000000198545,00:12:22,Click,Athens,Athinaikon
2017032000000198545,00:09:24,Click,Athens,Ledra Athens
2017032000000199665,00:24:13,Homepage,,
2017032000000199665,00:31:39,Homepage,,
2017032000000199665,00:31:41,Homepage,,
2017032000000199665,00:31:42,Homepage,,
2017032000000199665,00:19:44,Click,Banff,Irwins Mountain Inn
2017032000000199665,00:14:47,Click,Banff,Irwins Mountain Inn
2017032000000199665,00:33:51,Click,Banff,Irwins Mountain Inn
2017032000000199665,00:09:19,Click,Banff,Banff International Hotel
2017032000000199665,00:26:49,Homepage,,
2017032000000201153,00:08:29,Homepage,,
2017032000000201153,00:11:30,Click,Boca Chica,Be Live Experience Hamaca Beach
2017032000000201153,00:08:22,Homepage,,
2017032000000201481,00:08:23,Homepage,,
2017032000000201481,00:08:26,Homepage,,
2017032000000201481,00:13:45,Click,Antwerp,Holiday Inn Express Antwerp City-North
2017032000000203921,00:26:41,Click,Dubai,Mövenpick Jumeirah Beach 
2017032000000203921,00:27:03,Click,Dubai,Sofitel Dubai Jumeirah Beach
2017032000000203921,00:47:44,Click,Dubai,Mövenpick Jumeirah Beach 
2017032000000203921,00:45:27,Click,Dubai,Mövenpick Deira
2017032000000203921,00:24:16,Click,Dubai,Mövenpick Jumeirah Beach 
2017032000000203921,00:08:30,Homepage,,
2017032000000205169,00:09:26,Click,Budoni,Bouganvillage
2017032000000205169,00:13:23,Click,Budoni,Bouganvillage
2017032000000205169,00:12:08,Click,Budoni,I Borghi Di Ottiolu
2017032000000205497,00:11:45,Search,Crete,
2017032000000205497,00:20:16,Search,Crete,
2017032000000205497,00:08:33,Homepage,,
2017032000000205497,00:16:46,Click,Chersonissos,Albatros
2017032000000205497,00:08:51,Homepage,,
2017032000000209153,00:09:30,Click,Capri,Miramare
2017032000000209153,00:09:58,Click,Capri,La Vue D'Or
2017032000000209153,00:10:28,Click,Capri,Palazzo Guardati
2017032000000210209,00:14:13,Click,Fuerteventura,Sol Jandía Mar
2017032000000210209,00:10:53,Click,Fuerteventura,Relaxia Jandia Luz
2017032000000210209,00:08:56,Search,Fuerteventura,
2017032000000210209,00:08:46,Search,Fuerteventura,
2017032000000211441,00:09:16,Search,Santorini Island,
2017032000000211441,00:08:54,Search,Santorini Island,
2017032000000211441,00:09:21,Search,Santorini Island,
2017032000000211441,00:08:48,Search,Santorini Island,
2017032000000212433,00:08:56,Homepage,,
2017032000000212433,00:09:17,Search,Milos Island,
2017032000000212433,00:11:21,Click,Milos Island,Soulis Studios
2017032000000212433,00:09:08,Search,Milos Island,
2017032000000212433,00:09:21,Search,Milos Island,
2017032000000212433,00:08:51,Homepage,,
2017032000000212665,00:11:32,Click,Las Vegas,Aria Resort & Casino
2017032000000212665,00:08:53,Homepage,,
2017032000000212665,00:08:52,Homepage,,
2017032000000212833,00:10:43,Search,Chalkidiki,
2017032000000212833,00:10:46,Search,Chalkidiki,
2017032000000212833,00:13:44,Click,Chalkidiki,Maistrali Beach
2017032000000212833,00:14:31,Click,Chalkidiki,Barbagiannis House
2017032000000212833,00:15:59,Click,Chalkidiki,Zeus
2017032000000212833,00:08:52,Search,Chalkidiki,
2017032000000212833,00:12:25,Click,Chalkidiki,Royal Hotel
2017032000000212833,00:10:35,Search,Chalkidiki,
2017032000000212833,00:16:42,Click,Chalkidiki,Camping Bungalows Kouyoni
2017032000000212833,00:10:24,Search,Chalkidiki,
2017032000000212977,00:13:55,Click,Prague,Olympik Tristar
2017032000000212977,00:10:51,Click,Prague,Domyno Rezidence
2017032000000212977,00:08:52,Homepage,,
2017032000000212977,00:11:17,Click,Prague,Hostel Boathouse
2017032000000212977,00:08:54,Homepage,,
2017032000000212977,00:11:49,Click,Prague,Domyno Rezidence
2017032000000212977,00:12:06,Click,Prague,Hostel Bohemia
2017032000000212977,00:09:57,Click,Prague,Clown And Bard
2017032000000213305,00:15:49,Click,Monte Gordo,Calema
2017032000000213305,00:14:09,Click,Monte Gordo,Paiva
2017032000000213305,00:10:08,Click,Monte Gordo,Calema
2017032000000213305,00:11:30,Click,Monte Gordo,Alba
2017032000000213449,00:08:56,Search,Scotland,
2017032000000213449,00:10:06,Search,Scotland,
2017032000000213449,00:08:53,Search,Scotland,
2017032000000213457,00:09:53,Click,Las Vegas,The Cosmopolitan
2017032000000213457,00:08:58,Homepage,,
2017032000000213457,00:08:53,Homepage,,
2017032000000213457,00:12:15,Homepage,,
2017032000000214857,00:29:06,Click,Talavera de la Reina,Be Live City Center Talavera
2017032000000214857,00:09:01,Homepage,,
2017032000000214857,00:08:56,Homepage,,
2017032000000214897,00:25:10,Click,Bari,Victor
2017032000000214897,00:25:49,Click,Bari,Olive Tree
2017032000000214897,00:21:31,Click,Bari,Barion
2017032000000214897,00:24:09,Click,Bari,Rima Di Mare
2017032000000214897,00:23:32,Click,Bari,La Corte del Borgo Antico
2017032000000214897,00:24:26,Click,Bari,Rima Di Mare
2017032000000214897,00:24:43,Click,Bari,Quattrob  
2017032000000216201,00:09:00,Search,Crete,
2017032000000216201,00:09:16,Search,Crete,
2017032000000216201,00:09:01,Search,Crete,
2017032000000216201,00:09:48,Click,Crete,Marni Village
2017032000000216281,00:10:30,Click,Marrakech,Swiss International HotelImperial Holiday
2017032000000216281,00:11:25,Click,Marrakech,Swiss International HotelImperial Holiday
2017032000000216281,00:11:19,Click,Marrakech,Swiss International HotelImperial Holiday
2017032000000216785,00:15:40,Click,Milan,Bagliori
2017032000000216785,00:14:55,Click,Milan,Augustus
2017032000000216785,00:09:17,Click,Milan,Albert
2017032000000216785,00:09:01,Click,Milan,Mokinba Hotels Baviera
2017032000000216801,00:09:03,Homepage,,
2017032000000216801,00:11:38,Click,Paris,Pullman Paris Tour Eiffel
2017032000000216801,00:09:01,Homepage,,
2017032000000216801,00:22:41,Click,Paris,de Flore
2017032000000216801,00:44:55,Click,Paris,Audran
2017032000000216801,00:10:57,Click,Paris,Armoni
2017032000000216801,00:47:44,Click,Paris,Café  de L'Avenir
2017032000000217849,00:11:21,Click,Madrid,Aravaca Garden
2017032000000217849,00:09:51,Homepage,,
2017032000000217849,00:09:47,Homepage,,
2017032000000217849,00:13:38,Click,Madrid,Sud Americana
2017032000000218233,00:09:59,Click,Brooklyn,BPM Brooklyn in New York
2017032000000218233,00:09:04,Homepage,,
2017032000000218233,00:09:09,Homepage,,
2017032000000218665,00:09:07,Homepage,,
2017032000000218665,00:10:35,Click,Munich,Holiday Inn Munich - City Centre
2017032000000218665,00:09:05,Homepage,,
2017032000000218665,00:12:00,Click,Munich,Mercure München Neuperlach Süd
2017032000000218665,00:11:16,Click,Munich,Mercure München Neuperlach Süd
2017032000000219345,00:09:10,Homepage,,
2017032000000219345,00:09:07,Homepage,,
2017032000000219345,00:11:47,Click,Krefeld,Montenegro
2017032000000219481,00:10:15,Click,Dieppe,Appartements entre Terre et Mer
2017032000000219481,00:45:53,Click,Dieppe,Appartements entre Terre et Mer
2017032000000219481,00:22:54,Click,Dieppe,Appartements entre Terre et Mer
2017032000000219481,00:26:04,Click,Dieppe,Appartements entre Terre et Mer
2017032000000219865,00:09:09,Homepage,,
2017032000000219865,00:09:11,Homepage,,
2017032000000219865,00:09:09,Homepage,,
2017032000000219865,00:10:03,Click,Geneva,Warwick Geneva
2017032000000220121,00:12:03,Click,Florence,C-Hotels Ambasciatori
2017032000000220121,00:11:12,Click,Florence,C-Hotels Ambasciatori
2017032000000220121,00:13:36,Click,Florence,C-Hotels Ambasciatori
2017032000000220121,00:13:24,Click,Florence,C-Hotels Ambasciatori
2017032000000220121,00:12:54,Click,Florence,C-Hotels Ambasciatori
2017032000000220121,00:11:51,Click,Florence,C-Hotels Ambasciatori
2017032000000220121,00:10:57,Click,Florence,C-Hotels Ambasciatori
2017032000000220417,00:12:50,Click,Paris,My Hotel In France Le Marais
2017032000000220417,00:11:35,Click,Paris,My Hotel In France Le Marais
2017032000000220417,00:13:01,Click,Paris,My Hotel In France Le Marais
2017032000000220985,00:16:11,Click,Warsaw,Sofitel Victoria
2017032000000220985,00:15:17,Click,Warsaw,Bristol
2017032000000220985,00:09:14,Homepage,,
2017032000000220985,00:12:57,Click,Warsaw,Radisson Blu Centrum
2017032000000220985,00:09:11,Homepage,,
2017032000000223033,00:09:23,Homepage,,
2017032000000223033,00:20:59,Click,Amsterdam,Amsterdam House ex Eureka
2017032000000223033,00:09:17,Homepage,,
2017032000000223673,00:09:18,Search,Algarve,
2017032000000223673,00:09:39,Click,Algarve,Salgados Dunas
2017032000000223673,00:14:52,Search,Algarve,
2017032000000223673,00:16:30,Search,Algarve,
2017032000000223673,00:10:58,Click,Algarve,Salgados Dunas
2017032000000223681,00:15:22,Click,Barcelona,NH Porta Barcelona
2017032000000223681,00:15:28,Click,Barcelona,NH Porta Barcelona
2017032000000223681,00:17:21,Click,Barcelona,Cool & Chic Hostel
2017032000000223681,00:10:56,Click,Barcelona,Residencia  San Marius
2017032000000223681,00:17:01,Click,Barcelona,Cool & Chic Hostel
2017032000000223681,00:14:05,Click,Barcelona,Residencia  San Marius
2017032000000223681,00:14:23,Click,Barcelona,NH Porta Barcelona
2017032000000223681,00:15:15,Click,Barcelona,NH Porta Barcelona
2017032000000223681,00:15:59,Click,Barcelona,Lami
2017032000000224425,00:20:06,Click,Trapani,Benvenuti al Sud
2017032000000224425,00:09:20,Click,Trapani,Casa Trapanese
2017032000000224425,00:25:45,Click,Trapani,Bella Trapani
2017032000000225273,00:09:22,Search,Andalusia,
2017032000000225273,00:12:25,Search,Andalusia,
2017032000000225273,00:09:33,Search,Andalusia,
2017032000000225273,00:11:16,Search,Andalusia,
2017032000000225273,00:13:47,Search,Andalusia,
2017032000000225273,00:11:48,Search,Andalusia,
2017032000000225273,00:12:45,Search,Andalusia,
2017032000000225273,00:13:14,Search,Andalusia,
2017032000000225529,00:13:51,Click,Frankfurt (Main),Park Inn by Radisson Frankfurt Airport
2017032000000225529,00:09:25,Homepage,,
2017032000000225529,00:09:23,Homepage,,
2017032000000225529,00:11:56,Click,Frankfurt (Main),Meininger Frankfurt-Main Airport
2017032000000225529,00:11:18,Click,Frankfurt (Main),Park Inn by Radisson Frankfurt Airport
2017032000000225633,00:19:50,Click,York,York
2017032000000225633,00:12:50,Click,York,South Newlands Farm
2017032000000225633,00:14:25,Click,York,Burton Villa
2017032000000225633,00:16:52,Click,York,The Nags Head
2017032000000225633,00:15:01,Click,York,High Belthorpe
2017032000000225633,00:11:31,Click,York,York
2017032000000227857,00:09:28,Homepage,,
2017032000000227857,00:12:06,Homepage,,
2017032000000227857,00:09:33,Homepage,,
2017032000000228393,00:09:29,Homepage,,
2017032000000228393,00:10:02,Search,County Wexford,
2017032000000228393,00:10:18,Click,County Wexford,Ferrycarrig
2017032000000228393,00:09:34,Homepage,,
2017032000000228393,00:09:48,Search,County Wexford,
2017032000000228777,00:10:11,Search,Chios,
2017032000000228777,00:09:30,Homepage,,
2017032000000228777,00:09:43,Search,Chios,
2017032000000228777,00:20:47,Click,Chios,Ilioxenia
2017032000000228777,00:18:38,Search,Chios,
2017032000000228777,00:10:01,Search,Chios,
2017032000000228777,00:20:21,Click,Chios,Ianthe
2017032000000228777,00:18:16,Click,Chios,Medieval Castle
2017032000000228777,00:10:55,Click,Chios,Sun Rooms
2017032000000228777,00:19:31,Click,Chios,Ianthe
2017032000000229305,00:09:33,Search,Europe,
2017032000000229305,00:09:33,Search,Europe,
2017032000000229305,00:09:31,Search,Europe,
2017032000000229729,00:09:32,Search,Majorca,
2017032000000229729,00:10:11,Click,Majorca,Grupotel Gran Vista & Spa
2017032000000229729,00:10:11,Click,Majorca,Grupotel Gran Vista & Spa
2017032000000229729,00:09:38,Search,Majorca,
2017032000000229777,00:21:20,Click,Paris,Eiffel Saint Charles
2017032000000229777,00:25:58,Click,Paris,des 3 Poussins
2017032000000229777,00:19:50,Click,Paris,Eiffel Saint Charles
2017032000000229777,00:21:16,Click,Paris,Eiffel Saint Charles
2017032000000229777,00:23:06,Click,Paris,Le Squara
2017032000000229777,00:11:55,Click,,Armoni
2017032000000229785,00:09:32,Homepage,,
2017032000000229785,00:09:56,Homepage,,
2017032000000229785,00:09:45,Homepage,,
2017032000000231905,00:09:56,Search,Spain,
2017032000000231905,00:09:38,Search,Spain,
2017032000000231905,00:09:40,Search,Spain,
2017032000000231905,00:09:54,Search,Spain,
2017032000000231905,00:10:20,Search,Spain,
2017032000000231905,00:10:18,Search,Spain,
2017032000000231905,00:09:52,Search,Spain,
2017032000000232417,00:14:28,Click,Reus,Sol Costa Daurada
2017032000000232417,00:10:58,Click,Reus,Gaudí
2017032000000232417,00:12:20,Click,Reus,
2017032000000232417,00:11:47,Click,Reus,Gaudí
2017032000000232417,00:09:40,Homepage,,
2017032000000232417,00:11:22,Click,Reus,Gaudí
2017032000000232417,00:13:43,Click,Reus,Tolosa
2017032000000232417,00:09:39,Homepage,,
2017032000000232417,00:10:41,Click,Reus,Gaudí
2017032000000232417,00:14:55,Click,Reus,Sol Costa Daurada
2017032000000232849,00:09:41,Homepage,,
2017032000000232849,00:09:41,Homepage,,
2017032000000232849,00:09:40,Homepage,,
2017032000000233281,00:09:43,Homepage,,
2017032000000233281,00:10:16,Search,Azures,
2017032000000233281,00:11:58,Click,Ponta Delgada,The Lince Azores
2017032000000233281,00:12:45,Click,Ponta Delgada,The Lince Azores
2017032000000233281,00:09:41,Homepage,,
2017032000000233753,00:09:42,Search,Seychelles,
2017032000000233753,00:11:42,Click,Seychelles,Le Tropique Villa
2017032000000233753,00:11:25,Search,Seychelles,
2017032000000233753,00:11:16,Search,Seychelles,
2017032000000233753,00:09:48,Search,Seychelles,
2017032000000236193,00:09:51,Homepage,,
2017032000000236193,00:25:42,Click,Korbach,Zur Linde
2017032000000236193,00:09:48,Homepage,,
2017032000000236193,00:12:10,Click,Korbach,Landgasthof Sauer
2017032000000236369,00:17:51,Click,Islantilla,AMA Andalucia
2017032000000236369,00:26:21,Click,Andalusia,Sol Los Fenicios
2017032000000236369,00:22:12,Search,Andalusia,
2017032000000236369,00:22:04,Search,Andalusia,
2017032000000236369,00:23:08,Search,Andalusia,
2017032000000236721,00:09:53,Homepage,,
2017032000000236721,00:09:54,Homepage,,
2017032000000236721,00:09:49,Homepage,,
2017032000000236873,00:17:04,Click,Pontevedra Province,Norat Marina & Spa
2017032000000236873,00:12:07,Click,Pontevedra Province,Posadas de España Ensenada
2017032000000236873,00:15:23,Click,Pontevedra Province,Hesperia Vigo
2017032000000236873,00:14:30,Click,Pontevedra Province,NH Palacio De Vigo
2017032000000236873,00:11:47,Search,Pontevedra Province,
2017032000000236873,00:11:49,Search,Pontevedra Province,
2017032000000238369,00:11:25,Click,Galway,The Connacht
2017032000000238369,00:11:43,Click,Galway,The Connacht
2017032000000238369,00:16:53,Click,Galway,Maldron Galway
2017032000000238369,00:13:37,Click,Galway,Maldron Galway
2017032000000238369,00:13:21,Click,Galway,Maldron Galway
2017032000000238529,00:13:35,Click,Ambleside,Ambleside Central
2017032000000238529,00:16:27,Click,Ambleside,Cuckoo Brow
2017032000000238529,00:25:18,Click,Ambleside,Broadview Guest House
2017032000000238529,00:11:50,Click,Ambleside,The Eltermere Inn
2017032000000239889,00:13:11,Homepage,,
2017032000000239889,00:09:56,Search,Toledo Province,
2017032000000239889,00:10:02,Search,Toledo Province,
2017032000000239889,00:11:32,Search,Toledo Province,
2017032000000239889,00:13:20,Homepage,,
2017032000000239889,00:11:27,Search,Toledo Province,
2017032000000239889,00:12:36,Homepage,,
2017032000000239889,00:09:59,Search,Toledo Province,
2017032000000239889,00:13:08,Homepage,,
2017032000000240041,00:11:06,Search,Netherlands,
2017032000000240041,00:10:56,Search,Netherlands,
2017032000000240041,00:12:53,Search,Germany,
2017032000000240041,00:11:00,Search,Netherlands,
2017032000000240041,00:10:50,Search,Netherlands,
2017032000000240041,00:10:52,Search,Netherlands,
2017032000000240041,00:11:13,Search,Netherlands,
2017032000000240041,00:09:56,Search,Netherlands,
2017032000000240153,00:19:34,Click,Ghent,Astoria Gent
2017032000000240153,00:23:17,Click,Ghent,Novotel Gent Centrum
2017032000000240153,00:20:37,Click,Ghent,Astoria Gent
2017032000000240153,00:22:36,Click,Ghent,Onderbergen
2017032000000240153,00:09:56,Homepage,,
2017032000000240153,00:10:02,Homepage,,
2017032000000240153,00:15:34,Click,Bruges,Academie
2017032000000240153,00:12:41,Click,Bruges,NH Brugge
2017032000000240321,00:25:56,Click,Madrid,Nuevo Madrid
2017032000000240321,00:26:59,Click,Madrid,Travelodge Torrelaguna Madrid
2017032000000240321,00:29:33,Click,Madrid,Los Angeles
2017032000000240321,00:15:02,Click,Madrid,AC Hotel Madrid Feria by Marriott
2017032000000240377,00:11:28,Click,Italy,Pineta
2017032000000240377,00:10:01,Search,Italy,
2017032000000240377,00:09:57,Search,Italy,
2017032000000240377,00:14:28,Search,Italy,
2017032000000240665,00:23:25,Click,Torre Pacheco,El Marino
2017032000000240665,00:20:49,Click,Torre Pacheco,Sierra Mar
2017032000000240665,00:10:32,Click,Torre Pacheco,Hotel 525
2017032000000240665,00:11:13,Click,Torre Pacheco,Hotel Daniya La Manga
2017032000000240665,00:24:38,Click,Torre Pacheco,Señora Maria
2017032000000240665,00:13:14,Click,Torre Pacheco,Mar Mediterráneo
2017032000000240665,00:14:50,Click,Torre Pacheco,Murcia Resort - Luxury Ground Floors
2017032000000240665,00:23:56,Click,Torre Pacheco,La Posada
2017032000000241705,00:12:33,Click,Islantilla,Islantilla Golf Resort
2017032000000241705,00:13:06,Click,Islantilla,Islantilla Golf Resort
2017032000000241705,00:11:24,Click,Islantilla,Islantilla Golf Resort
2017032000000241705,00:11:40,Click,Islantilla,Islantilla Golf Resort
2017032000000242265,00:10:35,Click,Rouen,Rouen Saint Sever
2017032000000242265,00:10:06,Homepage,,
2017032000000242265,00:10:02,Homepage,,
2017032000000242721,00:19:37,Click,New York City,W New York
2017032000000242721,00:10:03,Homepage,,
2017032000000242721,00:16:59,Click,New York City,Row NYC
2017032000000242721,00:18:53,Click,New York City,Paramount
2017032000000242721,00:10:07,Homepage,,
2017032000000242721,00:17:25,Click,New York City,Row NYC
2017032000000242817,00:14:43,Click,Calais,Belazur
2017032000000242817,00:11:04,Click,Calais,Folk'Stone
2017032000000242817,00:13:17,Click,Calais,B&B Hotel Calais Saint Pierre
2017032000000242817,00:11:55,Click,Calais,B&B Hotel Calais Saint Pierre
2017032000000242817,00:15:30,Click,Calais,Cottage
2017032000000242817,00:16:27,Click,Calais,Folk'Stone
2017032000000242841,00:21:26,Homepage,,
2017032000000242841,00:11:49,Homepage,,
2017032000000242841,00:11:53,Homepage,,
2017032000000242841,00:21:58,Homepage,,
2017032000000242841,00:10:07,Homepage,,
2017032000000242841,00:10:03,Homepage,,
2017032000000242841,00:21:25,Homepage,,
2017032000000242841,00:21:58,Homepage,,
2017032000000244481,00:10:49,Search,Tenerife,
2017032000000244481,00:12:37,Click,Tenerife,La Quinta & Park Suites
2017032000000244481,00:11:22,Search,Tenerife,
2017032000000244481,00:10:11,Search,Tenerife,
2017032000000244481,00:10:07,Search,Tenerife,
2017032000000244481,00:10:51,Search,Tenerife,
2017032000000244481,00:10:58,Search,Tenerife,
2017032000000244481,00:14:35,Click,Tenerife,Barceló Santa Cruz Contemporáneo
2017032000000245449,00:12:44,Homepage,,
2017032000000245449,00:12:18,Click,Rome,Octavia
2017032000000245449,00:10:25,Homepage,,
2017032000000245449,00:10:10,Homepage,,
2017032000000245449,00:12:38,Homepage,,
2017032000000245769,00:11:27,Click,Poole,Laurel Cottage
2017032000000245769,00:13:56,Click,Poole,Premier Inn Poole North
2017032000000245769,00:12:55,Click,Poole,Premier Inn Poole Centre Holes Bay
2017032000000245897,00:12:15,Search,Nuremberg Region,
2017032000000245897,00:10:11,Search,Nuremberg Region,
2017032000000245897,00:10:15,Search,Nuremberg Region,
2017032000000247345,00:13:32,Search,Europe,
2017032000000247345,00:10:27,Search,Europe,
2017032000000247345,00:13:30,Search,Europe,
2017032000000247345,00:10:15,Search,Europe,
2017032000000247345,00:13:33,Search,Europe,
2017032000000247345,00:10:18,Search,Europe,
2017032000000247345,00:11:19,Click,Europe,The Newton
2017032000000247345,00:10:48,Search,Europe,
2017032000000247345,00:10:36,Search,Europe,
2017032000000248289,00:11:45,Click,Amsterdam,Leidseplein
2017032000000248289,00:12:40,Click,Amsterdam,Sander
2017032000000248289,00:11:05,Click,Amsterdam,Sarphati
2017032000000248289,00:12:12,Click,Amsterdam,Manofa
2017032000000252241,00:10:33,Homepage,,
2017032000000252241,00:10:28,Homepage,,
2017032000000252241,00:10:34,Homepage,,
2017032000000252529,00:10:29,Search,Europe,
2017032000000252529,00:10:32,Click,Europe,The Athenaeum
2017032000000252529,00:10:32,Search,Europe,
2017032000000253481,00:15:34,Click,Tralee,The Grand Hotel Tralee
2017032000000253481,00:15:46,Click,Tralee,The Grand Hotel Tralee
2017032000000253481,00:16:21,Click,Tralee,Fels Point Hotel
2017032000000253481,00:13:25,Click,Tralee,The Grand Hotel Tralee
2017032000000253481,00:26:52,Click,Tralee,Brook Manor Lodge
2017032000000253481,00:21:20,Click,Tralee,Brook Manor Lodge
2017032000000253865,00:11:05,Search,Europe,
2017032000000253865,00:10:32,Search,Europe,
2017032000000253865,00:17:29,Click,London,Fairways Bayswater
2017032000000253865,00:12:53,Click,Europe,Ibis London Thurrock
2017032000000254201,00:11:59,Click,Edinburgh,The Scotsman
2017032000000254201,00:13:16,Click,Edinburgh,Radisson Blu Edinburgh
2017032000000254201,00:20:55,Click,Edinburgh,Macdonald Holyrood
2017032000000255777,00:19:50,Click,Gateshead,Ramada Encore Newcastle Gateshead
2017032000000255777,00:17:44,Click,Leominster,The Royal Oak
2017032000000255777,00:16:19,Homepage,,
2017032000000255777,00:16:20,Homepage,,
2017032000000256617,00:11:23,Click,Hamburg,Holiday Inn Hamburg
2017032000000256617,00:10:41,Homepage,,
2017032000000256617,00:10:39,Homepage,,
2017032000000257241,00:16:25,Click,Seville,Hilton Garden Inn Sevilla
2017032000000257241,00:13:37,Click,Seville,Tryp Macarena
2017032000000257241,00:24:19,Click,Agadir,Ryad Mogador Al Madina
2017032000000257241,00:21:06,Click,Agadir,Mahd Salam Les Omayades
2017032000000257241,00:10:41,Homepage,,
2017032000000258609,00:10:44,Homepage,,
2017032000000258609,00:10:50,Homepage,,
2017032000000258609,00:10:52,Homepage,,
2017032000000258905,00:14:28,Search,Scotland,
2017032000000258905,00:13:01,Search,Scotland,
2017032000000258905,00:13:40,Search,Scotland,
2017032000000258905,00:10:45,Search,Scotland,
2017032000000258905,00:10:49,Search,Scotland,
2017032000000258905,00:14:31,Search,Scotland,
2017032000000258905,00:12:34,Click,Scotland,The Lodge on the Loch of Aboyne
2017032000000259921,00:35:16,Homepage,,
2017032000000259921,00:35:23,Homepage,,
2017032000000259921,00:50:44,Click,Santa Monica,The Ambrose
2017032000000259961,00:10:47,Homepage,,
2017032000000259961,00:12:18,Click,San Romano in Garfagnana,Villa Belvedere
2017032000000259961,00:14:40,Click,San Romano in Garfagnana,Pra Di Reto
2017032000000260657,00:10:54,Homepage,,
2017032000000260657,00:12:06,Click,De Koog,Tesselhof
2017032000000260657,00:10:49,Homepage,,
2017032000000260657,00:15:29,Click,De Koog,Tesselhof
2017032000000260657,00:13:27,Click,De Koog,Tesselhof
2017032000000261353,00:11:40,Search,Gran Canaria,
2017032000000261353,00:10:56,Search,Spain,
2017032000000261353,00:10:51,Search,Spain,
2017032000000262337,00:14:54,Click,Milan,Oasi Village
2017032000000262337,00:13:47,Click,Milan,Oasi Village
2017032000000262337,00:14:27,Click,Milan,Oasi Village
2017032000000262337,00:16:02,Click,Milan,Enterprise
2017032000000262337,00:14:48,Click,Milan,Oasi Village
2017032000000262337,00:14:20,Click,Milan,Oasi Village
2017032000000262337,00:14:17,Click,Milan,Oasi Village
2017032000000262809,00:14:51,Click,Chania,Angelika Studios
2017032000000262809,00:10:55,Homepage,,
2017032000000262809,00:12:46,Click,Chania,Posidonio
2017032000000263801,00:21:23,Click,Luz-Saint-Sauveur,De Londres
2017032000000263801,00:21:46,Click,Luz-Saint-Sauveur,Domaine de Pyrène - Les Marronniers
2017032000000263801,00:15:02,Click,Luz-Saint-Sauveur,Logis-La Grange Aux Marmottes-Les Campanules
2017032000000263801,00:19:17,Click,Luz-Saint-Sauveur,De Londres
2017032000000263801,00:15:32,Click,Luz-Saint-Sauveur,Le Montaigu
2017032000000263801,00:11:30,Click,Luz-Saint-Sauveur,Soleil Levant
2017032000000264281,00:12:07,Homepage,,
2017032000000264281,00:12:31,Homepage,,
2017032000000264281,00:12:29,Homepage,,
2017032000000264281,00:11:46,Homepage,,
2017032000000264281,00:12:09,Homepage,,
2017032000000264281,00:10:58,Homepage,,
2017032000000264281,00:11:03,Homepage,,
2017032000000264289,00:11:02,Homepage,,
2017032000000264289,00:10:58,Homepage,,
2017032000000264289,00:11:54,Click,Paris,Armoni
2017032000000264481,00:23:21,Click,Asturias,Casona La Sierra
2017032000000264481,00:10:59,Click,Asturias,Apartamentos La Viña
2017032000000264481,00:11:40,Click,Asturias,Casona La Sierra
2017032000000264489,00:11:04,Homepage,,
2017032000000264489,00:12:59,Click,London,The Ritz London
2017032000000264489,00:10:59,Homepage,,
2017032000000264489,00:16:22,Click,London,Apex Temple Court
2017032000000265161,00:11:01,Homepage,,
2017032000000265161,00:11:11,Homepage,,
2017032000000265161,00:13:39,Click,Rome,Maison De Julie
2017032000000265873,00:19:40,Click,Dubrovnik,Dubrovnik Palace
2017032000000265873,00:20:18,Click,Dubrovnik,Lile Guesthouse
2017032000000265873,00:11:02,Homepage,,
2017032000000265873,00:18:24,Click,Dubrovnik,Villa Ro-Ela
2017032000000265873,00:19:12,Click,Dubrovnik,Smajic
2017032000000265873,00:14:00,Click,Istanbul,Miniature
2017032000000269905,00:11:12,Search,Ireland,
2017032000000269905,00:11:20,Search,Ireland,
2017032000000269905,00:13:58,Search,Ireland,
2017032000000272105,00:11:18,Search,United Kingdom,
2017032000000272105,00:12:07,Search,United Kingdom,
2017032000000272105,00:21:51,Click,Paris,Campanile Paris 19 - La Villette
2017032000000272105,00:11:30,Search,United Kingdom,
2017032000000272105,00:24:42,Click,Paris,Timhotel Gare du Nord
2017032000000272105,00:11:56,Search,United Kingdom,
2017032000000272105,00:18:37,Click,Paris,Appartement Chaillot
2017032000000272105,00:13:07,Click,Paris,Appartement Chaillot
2017032000000272169,00:14:33,Click,Barcelona,Salles  Pere IV
2017032000000272169,00:16:39,Click,Barcelona,Ayre Caspe
2017032000000272169,00:13:12,Click,Barcelona,Generator Hostel Barcelona
2017032000000272937,00:16:12,Search,Azures,
2017032000000272937,00:16:02,Search,Azures,
2017032000000272937,00:11:27,Search,Azures,
2017032000000272937,00:11:20,Search,Azures,
2017032000000272937,00:17:18,Click,Azures,The Lince Azores
2017032000000272937,00:16:35,Search,Azures,
2017032000000274033,00:12:49,Click,Paphos,Capital Coast Resort & Spa
2017032000000274033,00:14:00,Homepage,,
2017032000000274033,00:11:26,Homepage,,
2017032000000274033,00:11:23,Homepage,,
2017032000000275513,00:11:33,Search,Menorca,
2017032000000275513,00:11:30,Search,Menorca,
2017032000000275513,00:11:26,Search,Menorca,
2017032000000275961,00:11:27,Homepage,,
2017032000000275961,00:30:32,Click,Newcastle upon Tyne,Euro Newcastle
2017032000000275961,00:12:56,Click,Newcastle upon Tyne,Millennium Copthorne Newcastle
2017032000000275961,00:11:30,Homepage,,
2017032000000275961,00:24:26,Click,Newcastle upon Tyne,Millennium Copthorne Newcastle
2017032000000276337,00:14:55,Click,Peñíscola,Apartamentos Beach Peñíscola 3000
2017032000000276337,00:12:56,Click,Peñíscola,Tierra De Irta 3000
2017032000000276337,00:17:44,Click,Peñíscola,Gran Hotel Peñíscola
2017032000000276337,00:12:23,Click,Peñíscola,Tierra De Irta 3000
2017032000000276761,00:11:29,Homepage,,
2017032000000276761,00:11:51,Click,Morges,Le Petit Manoir
2017032000000276761,00:12:44,Click,Morges,Le Petit Manoir
2017032000000277017,00:16:48,Click,London,Thistle City Barbican
2017032000000277017,00:11:30,Homepage,,
2017032000000277017,00:17:51,Click,London,Thistle City Barbican
2017032000000277017,00:11:35,Homepage,,
2017032000000278241,00:17:11,Click,Puerto Rico,Marina Bayview
2017032000000278241,00:14:42,Click,Puerto Rico,Marina Suites
2017032000000278241,00:28:30,Click,Puerto Rico,Palmeramar
2017032000000278241,00:36:16,Click,Puerto Rico,Portosol
2017032000000278241,00:26:03,Click,Puerto Rico,Puerto Plata
2017032000000278241,00:19:06,Click,Puerto Rico,Blue Star
2017032000000282129,00:15:16,Click,Sutomore,Kruna Danka Jovanovic
2017032000000282129,00:13:58,Click,Sutomore,Blagoje
2017032000000282129,00:12:22,Click,Sutomore,Villa Del Mar
2017032000000282129,00:13:14,Click,Sutomore,Sirena Marta
2017032000000282481,00:19:56,Homepage,,
2017032000000282481,00:12:38,Click,Titreyengöl,Holiday Point
2017032000000282481,00:19:54,Homepage,,
2017032000000282481,00:13:47,Click,Titreyengöl,Aska Costa Holiday Club
2017032000000282481,00:17:18,Search,Turkey,
2017032000000283001,00:11:47,Homepage,,
2017032000000283001,00:11:44,Homepage,,
2017032000000283001,00:13:18,Click,Palma de Majorca,Tryp Palma Bellver
2017032000000283449,00:16:58,Search,Beskydy,
2017032000000283449,00:13:09,Homepage,,
2017032000000283449,00:21:03,Search,Central and South America,
2017032000000283449,00:19:02,Click,Malá Morávka (Klein Mohrau),Roubenky Annaberg
2017032000000283449,00:17:15,Click,Beskydy,Letohrádek
2017032000000283449,00:18:24,Click,Malá Morávka (Klein Mohrau),Grizzly
2017032000000283449,00:13:27,Click,Jeseníky,Slezsky Dum
2017032000000283449,00:13:08,Homepage,,
2017032000000283449,00:13:19,Search,Jeseníky,
2017032000000283449,00:15:12,Click,Jeseníky,Penzion Pohoda
2017032000000283945,00:38:02,Click,Elx (Elche),Campanile Elche
2017032000000283945,00:32:15,Homepage,,
2017032000000283945,00:32:17,Homepage,,
2017032000000283945,00:16:12,Click,Elx (Elche),Ibis Alicante Elche
